{
  "name": "ML_SynthTools",
  "version": "1.3.1",
  "keywords": "ML_SynthTools, Synthesizer, Filter, Audio, ESP32, ESP32S2, ESP32S3, STM32, RP2040",
  "description": "Synthesizer Tools; contains waveform generators etc.",
  "repository":
  {
    "type": "git",
    "url": "https://github.com/marcel-licence/ML_SynthTools"
  },
  "authors":
  [
    {
        "name": "Marcel Licence",
        "email": "marcel.licence.o@gmail.com",
        "maintainer": true
    }
  ],

  "build": {

    "flags": [
        "-lML_SynthTools"
    ]
  },

  "libArchive": true
}
